{"cameraMode":{"drawMode":0,"name":"Shaded","section":"Shading Mode"},"sceneLighting":true,"audioPlay":false,"sceneViewState":{"m_AlwaysRefresh":false,"showFog":false,"showSkybox":true,"showFlares":false,"showImageEffects":true,"showParticleSystems":false,"showVisualEffectGraphs":true,"m_FxEnabled":true},"in2DMode":false,"pivot":{"x":8.758610725402832,"y":-0.20898738503456117,"z":0.32564622163772585},"rotation":{"x":-0.13361433148384095,"y":0.37046128511428835,"z":-0.053959932178258899,"w":-0.9176226854324341},"size":2.385680913925171,"orthographic":false}